ID,Gene Name,GOTERM_CC_DIRECT
ADAMDEC1,ADAM like decysin 1(ADAMDEC1),"GO:0005576~extracellular region,GO:0062023~collagen-containing extracellular matrix,"
AFF2,ALF transcription elongation factor 2(AFF2),"GO:0016607~nuclear speck,"
ATP1B4,ATPase Na+/K+ transporting family member beta 4(ATP1B4),"GO:0005635~nuclear envelope,GO:0005637~nuclear inner membrane,GO:0005886~plasma membrane,GO:0005890~sodium:potassium-exchanging ATPase complex,"
ATP2C2,ATPase secretory pathway Ca2+ transporting 2(ATP2C2),"GO:0000139~Golgi membrane,GO:0005783~endoplasmic reticulum,GO:0005886~plasma membrane,GO:0009898~cytoplasmic side of plasma membrane,GO:0016020~membrane,GO:0016323~basolateral plasma membrane,GO:0031410~cytoplasmic vesicle,GO:0032588~trans-Golgi network membrane,GO:0048471~perinuclear region of cytoplasm,"
CXCR1,C-X-C motif chemokine receptor 1(CXCR1),"GO:0005886~plasma membrane,GO:0009897~external side of plasma membrane,GO:0030667~secretory granule membrane,"
CLEC2L,C-type lectin domain family 2 member L(CLEC2L),"GO:0016020~membrane,"
CD177,CD177 molecule(CD177),"GO:0005886~plasma membrane,GO:0030027~lamellipodium,GO:0030667~secretory granule membrane,GO:0035579~specific granule membrane,GO:0044853~plasma membrane raft,GO:0070062~extracellular exosome,GO:0070821~tertiary granule membrane,GO:0098552~side of membrane,"
CEACAM6,CEA cell adhesion molecule 6(CEACAM6),"GO:0005615~extracellular space,GO:0005886~plasma membrane,GO:0009986~cell surface,GO:0016020~membrane,GO:0016324~apical plasma membrane,GO:0035577~azurophil granule membrane,GO:0098552~side of membrane,"
CTAGE15,CTAGE family member 15(CTAGE15),"GO:0005789~endoplasmic reticulum membrane,GO:0070971~endoplasmic reticulum exit site,"
CTAGE6,CTAGE family member 6(CTAGE6),"GO:0005575~cellular_component,GO:0005789~endoplasmic reticulum membrane,GO:0070971~endoplasmic reticulum exit site,"
DDIT4,DNA damage inducible transcript 4(DDIT4),"GO:0005737~cytoplasm,GO:0005739~mitochondrion,GO:0005829~cytosol,"
FRMPD2,FERM and PDZ domain containing 2(FRMPD2),"GO:0005737~cytoplasm,GO:0005856~cytoskeleton,GO:0005886~plasma membrane,GO:0005923~bicellular tight junction,GO:0016323~basolateral plasma membrane,GO:0045177~apical part of cell,"
GPR42,G protein-coupled receptor 42(GPR42),"GO:0005886~plasma membrane,"
GPR88,G protein-coupled receptor 88(GPR88),"GO:0005634~nucleus,GO:0005737~cytoplasm,GO:0005886~plasma membrane,GO:0005929~cilium,GO:0060170~ciliary membrane,"
H1-3,"H1.3 linker histone, cluster member(H1-3)","GO:0000785~chromatin,GO:0000786~nucleosome,GO:0000791~euchromatin,GO:0005634~nucleus,"
H1-4,"H1.4 linker histone, cluster member(H1-4)","GO:0000786~nucleosome,GO:0000791~euchromatin,GO:0000792~heterochromatin,GO:0005634~nucleus,"
H2AC11,H2A clustered histone 11(H2AC11),"GO:0000786~nucleosome,GO:0005634~nucleus,GO:0070062~extracellular exosome,"
H2AC14,H2A clustered histone 14(H2AC14),"GO:0000786~nucleosome,GO:0005634~nucleus,GO:0070062~extracellular exosome,"
H2AC15,H2A clustered histone 15(H2AC15),"GO:0000786~nucleosome,GO:0005634~nucleus,GO:0070062~extracellular exosome,"
H2AC17,H2A clustered histone 17(H2AC17),"GO:0000786~nucleosome,GO:0005634~nucleus,GO:0070062~extracellular exosome,"
H2AC20,H2A clustered histone 20(H2AC20),"GO:0000786~nucleosome,GO:0005634~nucleus,GO:0070062~extracellular exosome,"
H2AC7,H2A clustered histone 7(H2AC7),"GO:0000786~nucleosome,GO:0005634~nucleus,GO:0070062~extracellular exosome,"
H2BC10,H2B clustered histone 10(H2BC10),"GO:0000786~nucleosome,GO:0005615~extracellular space,GO:0005634~nucleus,GO:0005654~nucleoplasm,GO:0005829~cytosol,GO:0070062~extracellular exosome,"
H2BC13,H2B clustered histone 13(H2BC13),"GO:0000786~nucleosome,GO:0005615~extracellular space,GO:0005634~nucleus,GO:0005654~nucleoplasm,GO:0005829~cytosol,GO:0070062~extracellular exosome,"
H2BC15,H2B clustered histone 15(H2BC15),"GO:0000786~nucleosome,GO:0005615~extracellular space,GO:0005634~nucleus,GO:0005654~nucleoplasm,GO:0005829~cytosol,GO:0070062~extracellular exosome,"
H2BC18,H2B clustered histone 18(H2BC18),"GO:0000786~nucleosome,GO:0005615~extracellular space,GO:0005634~nucleus,GO:0005654~nucleoplasm,GO:0005829~cytosol,GO:0070062~extracellular exosome,"
H2BC3,H2B clustered histone 3(H2BC3),"GO:0000781~chromosome, telomeric region,GO:0000786~nucleosome,GO:0005615~extracellular space,GO:0005634~nucleus,GO:0005654~nucleoplasm,GO:0005829~cytosol,"
H2BC4,H2B clustered histone 4(H2BC4),"GO:0000786~nucleosome,GO:0005615~extracellular space,GO:0005634~nucleus,GO:0005654~nucleoplasm,GO:0005829~cytosol,GO:0070062~extracellular exosome,"
H2BC6,H2B clustered histone 6(H2BC6),"GO:0000786~nucleosome,GO:0005615~extracellular space,GO:0005634~nucleus,GO:0005654~nucleoplasm,GO:0005829~cytosol,GO:0070062~extracellular exosome,"
H2BC7,H2B clustered histone 7(H2BC7),"GO:0000786~nucleosome,GO:0005615~extracellular space,GO:0005634~nucleus,GO:0005654~nucleoplasm,GO:0005829~cytosol,GO:0070062~extracellular exosome,"
H2BC8,H2B clustered histone 8(H2BC8),"GO:0000786~nucleosome,GO:0005615~extracellular space,GO:0005634~nucleus,GO:0005654~nucleoplasm,GO:0005829~cytosol,GO:0070062~extracellular exosome,"
H2BC9,H2B clustered histone 9(H2BC9),"GO:0000786~nucleosome,GO:0005615~extracellular space,GO:0005634~nucleus,GO:0005654~nucleoplasm,GO:0005829~cytosol,GO:0032991~protein-containing complex,GO:0070062~extracellular exosome,"
H3C1,H3 clustered histone 1(H3C1),"GO:0000786~nucleosome,GO:0005576~extracellular region,GO:0005634~nucleus,GO:0005654~nucleoplasm,GO:0016020~membrane,GO:0032991~protein-containing complex,GO:0070062~extracellular exosome,"
H3C11,H3 clustered histone 11(H3C11),"GO:0000786~nucleosome,GO:0005576~extracellular region,GO:0005634~nucleus,GO:0005654~nucleoplasm,GO:0016020~membrane,GO:0032991~protein-containing complex,GO:0070062~extracellular exosome,"
H3C13,H3 clustered histone 13(H3C13),"GO:0000786~nucleosome,GO:0005576~extracellular region,GO:0005634~nucleus,GO:0005654~nucleoplasm,GO:0070062~extracellular exosome,"
H3C14,H3 clustered histone 14(H3C14),"GO:0000786~nucleosome,GO:0005576~extracellular region,GO:0005634~nucleus,GO:0005654~nucleoplasm,GO:0070062~extracellular exosome,"
H3C15,H3 clustered histone 15(H3C15),"GO:0000786~nucleosome,GO:0005576~extracellular region,GO:0005634~nucleus,GO:0005654~nucleoplasm,GO:0070062~extracellular exosome,"
H3C3,H3 clustered histone 3(H3C3),"GO:0000786~nucleosome,GO:0005576~extracellular region,GO:0005634~nucleus,GO:0005654~nucleoplasm,GO:0016020~membrane,GO:0032991~protein-containing complex,GO:0070062~extracellular exosome,"
H3C4,H3 clustered histone 4(H3C4),"GO:0000786~nucleosome,GO:0005576~extracellular region,GO:0005634~nucleus,GO:0005654~nucleoplasm,GO:0016020~membrane,GO:0032991~protein-containing complex,GO:0070062~extracellular exosome,"
H4C5,H4 clustered histone 5(H4C5),"GO:0000781~chromosome, telomeric region,GO:0000786~nucleosome,GO:0005576~extracellular region,GO:0005634~nucleus,GO:0005654~nucleoplasm,GO:0016020~membrane,GO:0032991~protein-containing complex,GO:0043505~CENP-A containing nucleosome,GO:0070062~extracellular exosome,"
KHDC3L,"KH domain containing 3 like, subcortical maternal complex member(KHDC3L)","GO:0005634~nucleus,GO:0005694~chromosome,GO:0005737~cytoplasm,GO:0005739~mitochondrion,GO:0005813~centrosome,GO:0005938~cell cortex,GO:0032991~protein-containing complex,GO:0106333~subcortical maternal complex,"
KIAA1210,KIAA1210(KIAA1210),"GO:0001669~acrosomal vesicle,GO:0061832~basal ectoplasmic specialization,"
MARVELD3,MARVEL domain containing 3(MARVELD3),"GO:0005634~nucleus,GO:0005923~bicellular tight junction,GO:0016020~membrane,GO:0031410~cytoplasmic vesicle,"
NANOGP8,Nanog homeobox retrogene P8(NANOGP8),"GO:0005634~nucleus,GO:0005654~nucleoplasm,GO:0043231~intracellular membrane-bounded organelle,"
NANOG,Nanog homeobox(NANOG),"GO:0000785~chromatin,GO:0005634~nucleus,GO:0005654~nucleoplasm,GO:0005730~nucleolus,GO:0043231~intracellular membrane-bounded organelle,"
PDZK1IP1,PDZK1 interacting protein 1(PDZK1IP1),"GO:0016020~membrane,GO:0070062~extracellular exosome,"
POTEF,POTE ankyrin domain family member F(POTEF),"GO:0005615~extracellular space,GO:0005737~cytoplasm,GO:0005884~actin filament,GO:0005938~cell cortex,GO:0015629~actin cytoskeleton,GO:0016020~membrane,GO:0030424~axon,GO:0035267~NuA4 histone acetyltransferase complex,GO:0045202~synapse,GO:0070062~extracellular exosome,GO:0072562~blood microparticle,"
POU4F3,POU class 4 homeobox 3(POU4F3),"GO:0000785~chromatin,GO:0005634~nucleus,GO:0005654~nucleoplasm,GO:0005737~cytoplasm,"
RORB,RAR related orphan receptor B(RORB),"GO:0000785~chromatin,GO:0005634~nucleus,GO:0005654~nucleoplasm,"
RN7SK,RNA component of 7SK nuclear ribonucleoprotein(RN7SK),"GO:0120259~7SK snRNP,"
RNA5-8SN5,"RNA, 5.8S ribosomal N5(RNA5-8SN5)","GO:0005840~ribosome,"
RNU1-4,"RNA, U1 small nuclear 4(RNU1-4)","GO:0005685~U1 snRNP,"
RP1L1,RP1 like 1(RP1L1),"GO:0001750~photoreceptor outer segment,GO:0005874~microtubule,GO:0005930~axoneme,GO:0032391~photoreceptor connecting cilium,"
RHD,Rh blood group D antigen(RHD),"GO:0005886~plasma membrane,GO:0016020~membrane,"
SPATA31D3,SPATA31 subfamily D member 3(SPATA31D3),"GO:0016020~membrane,"
SPATA31D4,SPATA31 subfamily D member 4(SPATA31D4),"GO:0016020~membrane,"
SOX2,SRY-box transcription factor 2(SOX2),"GO:0000785~chromatin,GO:0005634~nucleus,GO:0005654~nucleoplasm,GO:0005667~transcription regulator complex,GO:0005737~cytoplasm,GO:0005829~cytosol,GO:0016607~nuclear speck,"
ST13P4,"ST13, Hsp70 interacting protein pseudogene 4(ST13P4)","GO:0005737~cytoplasm,GO:0070062~extracellular exosome,"
TRGV9,T cell receptor gamma variable 9(TRGV9),"GO:0005886~plasma membrane,GO:0009897~external side of plasma membrane,GO:0042101~T cell receptor complex,"
TAL2,TAL bHLH transcription factor 2(TAL2),"GO:0000785~chromatin,"
TNFRSF10C,TNF receptor superfamily member 10c(TNFRSF10C),"GO:0005886~plasma membrane,GO:0009986~cell surface,GO:0098552~side of membrane,"
UGT1A6,UDP glucuronosyltransferase family 1 member A6(UGT1A6),"GO:0005783~endoplasmic reticulum,GO:0005789~endoplasmic reticulum membrane,GO:0016020~membrane,GO:0043231~intracellular membrane-bounded organelle,"
UGT2B4,UDP glucuronosyltransferase family 2 member B4(UGT2B4),"GO:0005789~endoplasmic reticulum membrane,GO:0016020~membrane,"
WWC1,WW and C2 domain containing 1(WWC1),"GO:0005634~nucleus,GO:0005737~cytoplasm,GO:0005829~cytosol,GO:0032587~ruffle membrane,GO:0032991~protein-containing complex,GO:0048471~perinuclear region of cytoplasm,"
WNT10A,Wnt family member 10A(WNT10A),"GO:0005576~extracellular region,GO:0005615~extracellular space,"
ACAN,aggrecan(ACAN),"GO:0005576~extracellular region,GO:0005604~basement membrane,GO:0005615~extracellular space,GO:0005796~Golgi lumen,GO:0043202~lysosomal lumen,GO:0045202~synapse,GO:0062023~collagen-containing extracellular matrix,GO:0072534~perineuronal net,GO:0098978~glutamatergic synapse,GO:0098982~GABA-ergic synapse,"
ACER1,alkaline ceramidase 1(ACER1),"GO:0005783~endoplasmic reticulum,GO:0005789~endoplasmic reticulum membrane,"
AREG,amphiregulin(AREG),"GO:0005576~extracellular region,GO:0005615~extracellular space,GO:0005634~nucleus,GO:0005789~endoplasmic reticulum membrane,GO:0009986~cell surface,GO:0012507~ER to Golgi transport vesicle membrane,GO:0016020~membrane,GO:0030669~clathrin-coated endocytic vesicle membrane,GO:0033116~endoplasmic reticulum-Golgi intermediate compartment membrane,"
ANKS4B,ankyrin repeat and sterile alpha motif domain containing 4B(ANKS4B),"GO:0005789~endoplasmic reticulum membrane,GO:0005886~plasma membrane,GO:0005902~microvillus,GO:0005903~brush border,"
ANKRD31,ankyrin repeat domain 31(ANKRD31),"GO:0000785~chromatin,GO:0005634~nucleus,"
B3GALT1,"beta-1,3-galactosyltransferase 1(B3GALT1)","GO:0000139~Golgi membrane,GO:0016020~membrane,"
BAAT,bile acid-CoA:amino acid N-acyltransferase(BAAT),"GO:0005777~peroxisome,GO:0005782~peroxisomal matrix,GO:0005829~cytosol,GO:0043231~intracellular membrane-bounded organelle,"
CDH1,cadherin 1(CDH1),"GO:0005576~extracellular region,GO:0005737~cytoplasm,GO:0005768~endosome,GO:0005794~Golgi apparatus,GO:0005802~trans-Golgi network,GO:0005886~plasma membrane,GO:0005912~adherens junction,GO:0009898~cytoplasmic side of plasma membrane,GO:0015629~actin cytoskeleton,GO:0016020~membrane,GO:0016328~lateral plasma membrane,GO:0016342~catenin complex,GO:0016600~flotillin complex,GO:0030027~lamellipodium,GO:0030054~cell junction,GO:0030864~cortical actin cytoskeleton,GO:0043296~apical junction complex,GO:0048471~perinuclear region of cytoplasm,GO:0070062~extracellular exosome,GO:0098794~postsynapse,GO:0098978~glutamatergic synapse,"
CAPN8,calpain 8(CAPN8),"GO:0005737~cytoplasm,GO:0005794~Golgi apparatus,"
CT45A1,cancer/testis antigen family 45 member A1(CT45A1),"GO:0032039~integrator complex,"
CES1P1,carboxylesterase 1 pseudogene 1(CES1P1),"GO:0005576~extracellular region,GO:0005783~endoplasmic reticulum,GO:0005811~lipid droplet,"
CES1,carboxylesterase 1(CES1),"GO:0005737~cytoplasm,GO:0005783~endoplasmic reticulum,GO:0005788~endoplasmic reticulum lumen,GO:0005811~lipid droplet,GO:0005829~cytosol,"
CPA1,carboxypeptidase A1(CPA1),"GO:0005615~extracellular space,"
CADM2,cell adhesion molecule 2(CADM2),"GO:0005886~plasma membrane,GO:0030424~axon,GO:0032809~neuronal cell body membrane,GO:0045202~synapse,"
CHRDL2,chordin like 2(CHRDL2),"GO:0005615~extracellular space,GO:0005737~cytoplasm,"
C1orf185,chromosome 1 open reading frame 185(C1orf185),"GO:0016020~membrane,"
CFAP157,cilia and flagella associated protein 157(CFAP157),"GO:0005829~cytosol,GO:0005886~plasma membrane,GO:0036064~ciliary basal body,GO:0043231~intracellular membrane-bounded organelle,"
CLDN20,claudin 20(CLDN20),"GO:0005794~Golgi apparatus,GO:0005829~cytosol,GO:0005886~plasma membrane,GO:0005923~bicellular tight junction,GO:0070160~tight junction,"
F7,coagulation factor VII(F7),"GO:0005576~extracellular region,GO:0005615~extracellular space,GO:0005788~endoplasmic reticulum lumen,GO:0005796~Golgi lumen,GO:0005886~plasma membrane,GO:0031982~vesicle,GO:0062023~collagen-containing extracellular matrix,GO:1905286~serine-type peptidase complex,"
CR2,complement C3d receptor 2(CR2),"GO:0005576~extracellular region,GO:0005615~extracellular space,GO:0005886~plasma membrane,GO:0016020~membrane,GO:0043235~receptor complex,GO:0070062~extracellular exosome,"
CORIN,"corin, serine peptidase(CORIN)","GO:0005576~extracellular region,GO:0005886~plasma membrane,GO:0009986~cell surface,GO:0015629~actin cytoskeleton,GO:0016604~nuclear body,"
CKMT1A,"creatine kinase, mitochondrial 1A(CKMT1A)","GO:0005739~mitochondrion,GO:0005743~mitochondrial inner membrane,"
CKMT1B,"creatine kinase, mitochondrial 1B(CKMT1B)","GO:0005739~mitochondrion,GO:0005743~mitochondrial inner membrane,"
DEFA1,defensin alpha 1(DEFA1),"GO:0005576~extracellular region,GO:0005615~extracellular space,GO:0005796~Golgi lumen,GO:0035578~azurophil granule lumen,GO:0062023~collagen-containing extracellular matrix,GO:0070062~extracellular exosome,"
DEFA1B,defensin alpha 1B(DEFA1B),"GO:0005576~extracellular region,GO:0005615~extracellular space,GO:0005796~Golgi lumen,GO:0035578~azurophil granule lumen,GO:0062023~collagen-containing extracellular matrix,GO:0070062~extracellular exosome,"
DEFA3,defensin alpha 3(DEFA3),"GO:0005576~extracellular region,GO:0005615~extracellular space,GO:0005796~Golgi lumen,GO:0031012~extracellular matrix,GO:0035578~azurophil granule lumen,GO:0070062~extracellular exosome,"
DHRS2,dehydrogenase/reductase 2(DHRS2),"GO:0005634~nucleus,GO:0005635~nuclear envelope,GO:0005654~nucleoplasm,GO:0005737~cytoplasm,GO:0005739~mitochondrion,GO:0005759~mitochondrial matrix,"
DMBT1,deleted in malignant brain tumors 1(DMBT1),"GO:0005576~extracellular region,GO:0005615~extracellular space,GO:0005737~cytoplasm,GO:0005886~plasma membrane,GO:0009986~cell surface,GO:0016020~membrane,GO:0030670~phagocytic vesicle membrane,GO:0031012~extracellular matrix,GO:0042589~zymogen granule membrane,GO:0070062~extracellular exosome,"
DSPP,dentin sialophosphoprotein(DSPP),"GO:0005576~extracellular region,GO:0005634~nucleus,GO:0005737~cytoplasm,GO:0016020~membrane,GO:0031012~extracellular matrix,"
DSG1,desmoglein 1(DSG1),"GO:0001533~cornified envelope,GO:0005634~nucleus,GO:0005737~cytoplasm,GO:0005829~cytosol,GO:0005886~plasma membrane,GO:0005911~cell-cell junction,GO:0009898~cytoplasmic side of plasma membrane,GO:0016324~apical plasma membrane,GO:0016328~lateral plasma membrane,GO:0030057~desmosome,GO:0101003~ficolin-1-rich granule membrane,"
DKK2,dickkopf WNT signaling pathway inhibitor 2(DKK2),"GO:0005615~extracellular space,"
DHFRP2,dihydrofolate reductase pseudogene 2(DHFRP2),"GO:0005886~plasma membrane,GO:0009986~cell surface,"
DDC,dopa decarboxylase(DDC),"GO:0005737~cytoplasm,GO:0005829~cytosol,GO:0070062~extracellular exosome,"
DBH,dopamine beta-hydroxylase(DBH),"GO:0005576~extracellular region,GO:0005615~extracellular space,GO:0005737~cytoplasm,GO:0005783~endoplasmic reticulum,GO:0016020~membrane,GO:0030658~transport vesicle membrane,GO:0030667~secretory granule membrane,GO:0034451~centriolar satellite,GO:0034466~chromaffin granule lumen,GO:0034774~secretory granule lumen,GO:0042584~chromaffin granule membrane,GO:0043231~intracellular membrane-bounded organelle,GO:0045202~synapse,"
ESRP1,epithelial splicing regulatory protein 1(ESRP1),"GO:0005634~nucleus,GO:0005654~nucleoplasm,GO:0016604~nuclear body,GO:1990904~ribonucleoprotein complex,"
FGFR2,fibroblast growth factor receptor 2(FGFR2),"GO:0005576~extracellular region,GO:0005634~nucleus,GO:0005737~cytoplasm,GO:0005794~Golgi apparatus,GO:0005886~plasma membrane,GO:0005938~cell cortex,GO:0009986~cell surface,GO:0016020~membrane,GO:0031410~cytoplasmic vesicle,GO:0043235~receptor complex,GO:0044295~axonal growth cone,GO:0060076~excitatory synapse,GO:0062023~collagen-containing extracellular matrix,"
FLG,filaggrin(FLG),"GO:0001533~cornified envelope,GO:0005634~nucleus,GO:0005829~cytosol,GO:0036457~keratohyalin granule,GO:0036464~cytoplasmic ribonucleoprotein granule,GO:0062023~collagen-containing extracellular matrix,"
FOXD4L3,forkhead box D4 like 3(FOXD4L3),"GO:0000785~chromatin,GO:0005634~nucleus,"
FOXD4L4,forkhead box D4 like 4(FOXD4L4),"GO:0000785~chromatin,GO:0005634~nucleus,"
FUT3,fucosyltransferase 3 (Lewis blood group)(FUT3),"GO:0000139~Golgi membrane,GO:0005794~Golgi apparatus,GO:0016020~membrane,GO:0032580~Golgi cisterna membrane,GO:0070062~extracellular exosome,"
GGTLC2,gamma-glutamyltransferase light chain 2(GGTLC2),"GO:0005615~extracellular space,GO:0005886~plasma membrane,GO:0016020~membrane,GO:0070062~extracellular exosome,"
GCM2,glial cells missing transcription factor 2(GCM2),"GO:0000785~chromatin,GO:0005634~nucleus,"
GRIN2B,glutamate ionotropic receptor NMDA type subunit 2B(GRIN2B),"GO:0005737~cytoplasm,GO:0005764~lysosome,GO:0005770~late endosome,GO:0005789~endoplasmic reticulum membrane,GO:0005856~cytoskeleton,GO:0005886~plasma membrane,GO:0009986~cell surface,GO:0014069~postsynaptic density,GO:0017146~NMDA selective glutamate receptor complex,GO:0031090~organelle membrane,GO:0043005~neuron projection,GO:0045211~postsynaptic membrane,GO:0097060~synaptic membrane,GO:0098839~postsynaptic density membrane,"
GPX2,glutathione peroxidase 2(GPX2),"GO:0005737~cytoplasm,GO:0005829~cytosol,GO:0045171~intercellular bridge,GO:0072686~mitotic spindle,"
GOLGA6A,golgin A6 family member A(GOLGA6A),"GO:0000137~Golgi cis cisterna,GO:0005801~cis-Golgi network,GO:0032580~Golgi cisterna membrane,"
GOLGA6B,golgin A6 family member B(GOLGA6B),"GO:0000137~Golgi cis cisterna,GO:0005801~cis-Golgi network,GO:0032580~Golgi cisterna membrane,"
GOLGA6C,golgin A6 family member C(GOLGA6C),"GO:0000137~Golgi cis cisterna,GO:0005801~cis-Golgi network,GO:0032580~Golgi cisterna membrane,"
GOLGA6D,golgin A6 family member D(GOLGA6D),"GO:0000137~Golgi cis cisterna,GO:0005801~cis-Golgi network,GO:0032580~Golgi cisterna membrane,"
GOLGA8CP,"golgin A8 family member C, pseudogene(GOLGA8CP)","GO:0000137~Golgi cis cisterna,GO:0005801~cis-Golgi network,GO:0032580~Golgi cisterna membrane,"
GOLGA8F,golgin A8 family member F(GOLGA8F),"GO:0000137~Golgi cis cisterna,GO:0005801~cis-Golgi network,GO:0032580~Golgi cisterna membrane,"
GOLGA8G,golgin A8 family member G(GOLGA8G),"GO:0000137~Golgi cis cisterna,GO:0005801~cis-Golgi network,GO:0032580~Golgi cisterna membrane,"
GRHL2,grainyhead like transcription factor 2(GRHL2),"GO:0000785~chromatin,GO:0005634~nucleus,GO:0005654~nucleoplasm,GO:0005911~cell-cell junction,GO:0016020~membrane,"
GBP7,guanylate binding protein 7(GBP7),"GO:0030659~cytoplasmic vesicle membrane,GO:0031410~cytoplasmic vesicle,"
GUCA1A,guanylate cyclase activator 1A(GUCA1A),"GO:0001917~photoreceptor inner segment,GO:0097381~photoreceptor disc membrane,GO:0120199~cone photoreceptor outer segment,"
HBD,hemoglobin subunit delta(HBD),"GO:0005829~cytosol,GO:0005833~hemoglobin complex,GO:0016020~membrane,GO:0031838~haptoglobin-hemoglobin complex,GO:0072562~blood microparticle,"
HNRNPCL1,heterogeneous nuclear ribonucleoprotein C like 1(HNRNPCL1),"GO:0005634~nucleus,GO:1990904~ribonucleoprotein complex,"
HMGA2,high mobility group AT-hook 2(HMGA2),"GO:0000228~nuclear chromosome,GO:0000785~chromatin,GO:0005634~nucleus,GO:0005654~nucleoplasm,GO:0032993~protein-DNA complex,GO:0035985~senescence-associated heterochromatin focus,GO:0071141~SMAD protein complex,"
HRNR,hornerin(HRNR),"GO:0001533~cornified envelope,GO:0005576~extracellular region,GO:0005634~nucleus,GO:0005737~cytoplasm,GO:0035578~azurophil granule lumen,GO:0036457~keratohyalin granule,GO:0048471~perinuclear region of cytoplasm,GO:0062023~collagen-containing extracellular matrix,GO:0070062~extracellular exosome,"
HSD17B2,hydroxysteroid 17-beta dehydrogenase 2(HSD17B2),"GO:0005789~endoplasmic reticulum membrane,GO:0016020~membrane,GO:0043231~intracellular membrane-bounded organelle,"
HBD,hypophosphatemic bone disease(HBD),"GO:0005829~cytosol,GO:0005833~hemoglobin complex,GO:0016020~membrane,GO:0031838~haptoglobin-hemoglobin complex,GO:0072562~blood microparticle,"
IGHA1,immunoglobulin heavy constant alpha 1(IGHA1),"GO:0005576~extracellular region,GO:0005615~extracellular space,GO:0005886~plasma membrane,GO:0042571~immunoglobulin complex, circulating,GO:0070062~extracellular exosome,GO:0071735~IgG immunoglobulin complex,GO:0071745~IgA immunoglobulin complex,GO:0071748~monomeric IgA immunoglobulin complex,GO:0071751~secretory IgA immunoglobulin complex,GO:0071752~secretory dimeric IgA immunoglobulin complex,GO:0072562~blood microparticle,"
IGHA2,immunoglobulin heavy constant alpha 2 (A2m marker)(IGHA2),"GO:0005576~extracellular region,GO:0005615~extracellular space,GO:0005886~plasma membrane,GO:0031093~platelet alpha granule lumen,GO:0042571~immunoglobulin complex, circulating,GO:0062023~collagen-containing extracellular matrix,GO:0070062~extracellular exosome,GO:0071745~IgA immunoglobulin complex,GO:0071748~monomeric IgA immunoglobulin complex,GO:0071751~secretory IgA immunoglobulin complex,GO:0071752~secretory dimeric IgA immunoglobulin complex,GO:0072562~blood microparticle,"
IGHG2,immunoglobulin heavy constant gamma 2 (G2m marker)(IGHG2),"GO:0005576~extracellular region,GO:0005615~extracellular space,GO:0005886~plasma membrane,GO:0042571~immunoglobulin complex, circulating,GO:0070062~extracellular exosome,GO:0071735~IgG immunoglobulin complex,GO:0072562~blood microparticle,"
IGHV1-3,immunoglobulin heavy variable 1-3(IGHV1-3),"GO:0005576~extracellular region,GO:0005886~plasma membrane,GO:0019814~immunoglobulin complex,GO:0072562~blood microparticle,"
IGHV3-20,immunoglobulin heavy variable 3-20(IGHV3-20),"GO:0005576~extracellular region,GO:0005886~plasma membrane,GO:0019814~immunoglobulin complex,GO:0072562~blood microparticle,"
IGHV3-30,immunoglobulin heavy variable 3-30(IGHV3-30),"GO:0005576~extracellular region,GO:0005615~extracellular space,GO:0005886~plasma membrane,GO:0019814~immunoglobulin complex,GO:0072562~blood microparticle,"
IGHV3-33,immunoglobulin heavy variable 3-33(IGHV3-33),"GO:0005576~extracellular region,GO:0005886~plasma membrane,GO:0019814~immunoglobulin complex,GO:0072562~blood microparticle,"
IGHV3-49,immunoglobulin heavy variable 3-49(IGHV3-49),"GO:0005576~extracellular region,GO:0005886~plasma membrane,GO:0019814~immunoglobulin complex,GO:0072562~blood microparticle,"
IGHV3-66,immunoglobulin heavy variable 3-66(IGHV3-66),"GO:0005576~extracellular region,GO:0005886~plasma membrane,GO:0019814~immunoglobulin complex,GO:0072562~blood microparticle,"
IGHV3-72,immunoglobulin heavy variable 3-72(IGHV3-72),"GO:0005576~extracellular region,GO:0005886~plasma membrane,GO:0019814~immunoglobulin complex,GO:0072562~blood microparticle,"
IGHV3-73,immunoglobulin heavy variable 3-73(IGHV3-73),"GO:0005576~extracellular region,GO:0005886~plasma membrane,GO:0019814~immunoglobulin complex,GO:0072562~blood microparticle,"
IGHV4-39,immunoglobulin heavy variable 4-39(IGHV4-39),"GO:0005576~extracellular region,GO:0005886~plasma membrane,GO:0019814~immunoglobulin complex,GO:0072562~blood microparticle,"
IGHV4-4,immunoglobulin heavy variable 4-4(IGHV4-4),"GO:0005576~extracellular region,GO:0005886~plasma membrane,GO:0019814~immunoglobulin complex,GO:0072562~blood microparticle,"
IGKV1-12,immunoglobulin kappa variable 1-12(IGKV1-12),"GO:0005576~extracellular region,GO:0005615~extracellular space,GO:0005886~plasma membrane,GO:0019814~immunoglobulin complex,"
IGKV1-16,immunoglobulin kappa variable 1-16(IGKV1-16),"GO:0005576~extracellular region,GO:0005615~extracellular space,GO:0005886~plasma membrane,GO:0019814~immunoglobulin complex,"
IGKV1-17,immunoglobulin kappa variable 1-17(IGKV1-17),"GO:0005576~extracellular region,GO:0005615~extracellular space,GO:0005886~plasma membrane,GO:0019814~immunoglobulin complex,GO:0070062~extracellular exosome,GO:0072562~blood microparticle,"
IGKV1-27,immunoglobulin kappa variable 1-27(IGKV1-27),"GO:0005615~extracellular space,GO:0005886~plasma membrane,GO:0019814~immunoglobulin complex,"
IGKV1-39,immunoglobulin kappa variable 1-39(IGKV1-39),"GO:0005576~extracellular region,GO:0005615~extracellular space,GO:0005886~plasma membrane,GO:0019814~immunoglobulin complex,GO:0070062~extracellular exosome,GO:0072562~blood microparticle,"
IGKV1-5,immunoglobulin kappa variable 1-5(IGKV1-5),"GO:0005576~extracellular region,GO:0005615~extracellular space,GO:0005886~plasma membrane,GO:0019814~immunoglobulin complex,GO:0070062~extracellular exosome,GO:0072562~blood microparticle,"
IGKV1-6,immunoglobulin kappa variable 1-6(IGKV1-6),"GO:0005615~extracellular space,GO:0005886~plasma membrane,GO:0019814~immunoglobulin complex,"
IGKV1-9,immunoglobulin kappa variable 1-9(IGKV1-9),"GO:0005615~extracellular space,GO:0005886~plasma membrane,GO:0019814~immunoglobulin complex,"
IGKV1OR2-108,immunoglobulin kappa variable 1/OR2-108 (non-functional)(IGKV1OR2-108),"GO:0005615~extracellular space,"
IGKV1D-12,immunoglobulin kappa variable 1D-12(IGKV1D-12),"GO:0005576~extracellular region,GO:0005615~extracellular space,GO:0005886~plasma membrane,GO:0019814~immunoglobulin complex,GO:0070062~extracellular exosome,GO:0072562~blood microparticle,"
IGKV1D-16,immunoglobulin kappa variable 1D-16(IGKV1D-16),"GO:0005576~extracellular region,GO:0005615~extracellular space,GO:0005886~plasma membrane,GO:0019814~immunoglobulin complex,"
IGKV1D-39,immunoglobulin kappa variable 1D-39(IGKV1D-39),"GO:0005576~extracellular region,GO:0005615~extracellular space,GO:0005886~plasma membrane,GO:0019814~immunoglobulin complex,"
IGKV2-28,immunoglobulin kappa variable 2-28(IGKV2-28),"GO:0005576~extracellular region,GO:0005615~extracellular space,GO:0005886~plasma membrane,GO:0019814~immunoglobulin complex,"
IGKV2D-28,immunoglobulin kappa variable 2D-28(IGKV2D-28),"GO:0005576~extracellular region,GO:0005615~extracellular space,GO:0005886~plasma membrane,GO:0019814~immunoglobulin complex,GO:0070062~extracellular exosome,GO:0072562~blood microparticle,"
IGKV3D-11,immunoglobulin kappa variable 3D-11(IGKV3D-11),"GO:0005615~extracellular space,GO:0005886~plasma membrane,GO:0019814~immunoglobulin complex,"
IGLC1,immunoglobulin lambda constant 1(IGLC1),"GO:0005576~extracellular region,GO:0005615~extracellular space,GO:0005886~plasma membrane,GO:0070062~extracellular exosome,GO:0071735~IgG immunoglobulin complex,GO:0071738~IgD immunoglobulin complex,GO:0071742~IgE immunoglobulin complex,GO:0071745~IgA immunoglobulin complex,GO:0071753~IgM immunoglobulin complex,GO:0072562~blood microparticle,"
IGLC2,immunoglobulin lambda constant 2(IGLC2),"GO:0005576~extracellular region,GO:0005615~extracellular space,GO:0005886~plasma membrane,GO:0070062~extracellular exosome,GO:0071735~IgG immunoglobulin complex,GO:0072562~blood microparticle,"
IGLC6,immunoglobulin lambda constant 6(IGLC6),"GO:0005576~extracellular region,GO:0005615~extracellular space,GO:0005886~plasma membrane,GO:0071735~IgG immunoglobulin complex,GO:0071738~IgD immunoglobulin complex,GO:0071742~IgE immunoglobulin complex,GO:0071745~IgA immunoglobulin complex,GO:0071753~IgM immunoglobulin complex,"
IGLC7,immunoglobulin lambda constant 7(IGLC7),"GO:0005576~extracellular region,GO:0005579~membrane attack complex,GO:0005615~extracellular space,GO:0005886~plasma membrane,GO:0070062~extracellular exosome,GO:0071735~IgG immunoglobulin complex,GO:0071738~IgD immunoglobulin complex,GO:0071742~IgE immunoglobulin complex,GO:0071745~IgA immunoglobulin complex,GO:0071753~IgM immunoglobulin complex,"
IGLL5,immunoglobulin lambda like polypeptide 5(IGLL5),"GO:0005576~extracellular region,GO:0070062~extracellular exosome,GO:0071735~IgG immunoglobulin complex,"
IGLV1-50,immunoglobulin lambda variable 1-50 (non-functional)(IGLV1-50),"GO:0005615~extracellular space,GO:0005886~plasma membrane,GO:0019814~immunoglobulin complex,"
IGLV2-11,immunoglobulin lambda variable 2-11(IGLV2-11),"GO:0005576~extracellular region,GO:0005615~extracellular space,GO:0005886~plasma membrane,GO:0019814~immunoglobulin complex,"
IGLV2-14,immunoglobulin lambda variable 2-14(IGLV2-14),"GO:0005576~extracellular region,GO:0005615~extracellular space,GO:0005886~plasma membrane,GO:0019814~immunoglobulin complex,GO:0070062~extracellular exosome,"
IGLV5-45,immunoglobulin lambda variable 5-45(IGLV5-45),"GO:0005615~extracellular space,GO:0005886~plasma membrane,GO:0019814~immunoglobulin complex,"
JSRP1,junctional sarcoplasmic reticulum protein 1(JSRP1),"GO:0016529~sarcoplasmic reticulum,GO:0033017~sarcoplasmic reticulum membrane,"
KRT17,keratin 17(KRT17),"GO:0001533~cornified envelope,GO:0005737~cytoplasm,GO:0005829~cytosol,GO:0005856~cytoskeleton,GO:0045095~keratin filament,GO:0045111~intermediate filament cytoskeleton,"
KRT23,keratin 23(KRT23),"GO:0005829~cytosol,GO:0005856~cytoskeleton,GO:0005882~intermediate filament,"
KRT6A,keratin 6A(KRT6A),"GO:0005615~extracellular space,GO:0005634~nucleus,GO:0005829~cytosol,GO:0005882~intermediate filament,GO:0016020~membrane,GO:0045095~keratin filament,GO:0070062~extracellular exosome,"
KRT81,keratin 81(KRT81),"GO:0005615~extracellular space,GO:0005829~cytosol,GO:0045095~keratin filament,"
LPO,lactoperoxidase(LPO),"GO:0005576~extracellular region,GO:0005615~extracellular space,GO:0005737~cytoplasm,GO:0016323~basolateral plasma membrane,GO:0070062~extracellular exosome,"
LAD1,ladinin 1(LAD1),"GO:0005576~extracellular region,GO:0005604~basement membrane,GO:0015629~actin cytoskeleton,GO:0070062~extracellular exosome,"
LAMC3,laminin subunit gamma 3(LAMC3),"GO:0005576~extracellular region,GO:0005604~basement membrane,GO:0016020~membrane,GO:0031012~extracellular matrix,"
MGAM,maltase-glucoamylase(MGAM),"GO:0005615~extracellular space,GO:0005886~plasma membrane,GO:0016020~membrane,GO:0016324~apical plasma membrane,GO:0070062~extracellular exosome,GO:0070821~tertiary granule membrane,GO:0101003~ficolin-1-rich granule membrane,"
MIR205,microRNA 205(MIR205),"GO:0005615~extracellular space,GO:0016442~RISC complex,"
MIR320D1,microRNA 320d-1(MIR320D1),"GO:0016442~RISC complex,"
MIR6515,microRNA 6515(MIR6515),"GO:0070062~extracellular exosome,"
MUC12,"mucin 12, cell surface associated(MUC12)","GO:0005796~Golgi lumen,GO:0005886~plasma membrane,GO:0016020~membrane,GO:0071944~cell periphery,"
MUC22,mucin 22(MUC22),"GO:0016020~membrane,"
MUC4,"mucin 4, cell surface associated(MUC4)","GO:0005615~extracellular space,GO:0005796~Golgi lumen,GO:0005886~plasma membrane,GO:0016020~membrane,GO:0031012~extracellular matrix,GO:0031982~vesicle,GO:0070062~extracellular exosome,"
MUCL3,mucin like 3(MUCL3),"GO:0005575~cellular_component,GO:0005737~cytoplasm,GO:0005886~plasma membrane,GO:0016020~membrane,"
MYT1,myelin transcription factor 1(MYT1),"GO:0000785~chromatin,GO:0005634~nucleus,GO:0005654~nucleoplasm,GO:0005829~cytosol,"
MYH14,myosin heavy chain 14(MYH14),"GO:0001725~stress fiber,GO:0005737~cytoplasm,GO:0005829~cytosol,GO:0005903~brush border,GO:0005923~bicellular tight junction,GO:0016020~membrane,GO:0016459~myosin complex,GO:0016460~myosin II complex,GO:0030426~growth cone,GO:0031982~vesicle,GO:0032982~myosin filament,GO:0042641~actomyosin,GO:0070062~extracellular exosome,GO:0097513~myosin II filament,"
NEFL,neurofilament light chain(NEFL),"GO:0005737~cytoplasm,GO:0005829~cytosol,GO:0005882~intermediate filament,GO:0005883~neurofilament,GO:0030424~axon,GO:0030426~growth cone,GO:0031594~neuromuscular junction,GO:0098685~Schaffer collateral - CA1 synapse,GO:0098981~cholinergic synapse,GO:0099160~postsynaptic intermediate filament cytoskeleton,GO:0099182~presynaptic intermediate filament cytoskeleton,GO:1904115~axon cytoplasm,"
NEFM,neurofilament medium chain(NEFM),"GO:0005737~cytoplasm,GO:0005882~intermediate filament,GO:0005883~neurofilament,GO:0030424~axon,GO:0045111~intermediate filament cytoskeleton,GO:0097418~neurofibrillary tangle,GO:0099160~postsynaptic intermediate filament cytoskeleton,"
NPAS1,neuronal PAS domain protein 1(NPAS1),"GO:0000785~chromatin,GO:0005634~nucleus,"
NETO1,neuropilin and tolloid like 1(NETO1),"GO:0005576~extracellular region,GO:0014069~postsynaptic density,GO:0060076~excitatory synapse,GO:0098685~Schaffer collateral - CA1 synapse,GO:0098839~postsynaptic density membrane,GO:0098978~glutamatergic synapse,GO:1904115~axon cytoplasm,"
OLFM4,olfactomedin 4(OLFM4),"GO:0005576~extracellular region,GO:0005615~extracellular space,GO:0005654~nucleoplasm,GO:0005739~mitochondrion,GO:0005829~cytosol,GO:0005886~plasma membrane,GO:0032991~protein-containing complex,GO:0035580~specific granule lumen,GO:0042581~specific granule,GO:0045171~intercellular bridge,GO:0048471~perinuclear region of cytoplasm,GO:0070062~extracellular exosome,GO:1904724~tertiary granule lumen,"
OR2L2,olfactory receptor family 2 subfamily L member 2(OR2L2),"GO:0005886~plasma membrane,"
OR56B1,olfactory receptor family 56 subfamily B member 1(OR56B1),"GO:0005886~plasma membrane,"
OR6A2,olfactory receptor family 6 subfamily A member 2(OR6A2),"GO:0005886~plasma membrane,GO:0016020~membrane,"
OR7A5,olfactory receptor family 7 subfamily A member 5(OR7A5),"GO:0005886~plasma membrane,GO:0016020~membrane,"
OVOL1,ovo like transcriptional repressor 1(OVOL1),"GO:0005634~nucleus,"
PAX3,paired box 3(PAX3),"GO:0000785~chromatin,GO:0005634~nucleus,GO:0005654~nucleoplasm,"
PADI6,peptidyl arginine deiminase 6(PADI6),"GO:0005634~nucleus,GO:0005737~cytoplasm,GO:0045111~intermediate filament cytoskeleton,GO:0060473~cortical granule,"
PPIAL4A,peptidylprolyl isomerase A like 4A(PPIAL4A),"GO:0005737~cytoplasm,GO:0043231~intracellular membrane-bounded organelle,GO:0070062~extracellular exosome,"
PPIAL4C,peptidylprolyl isomerase A like 4C(PPIAL4C),"GO:0005737~cytoplasm,GO:0043231~intracellular membrane-bounded organelle,GO:0070062~extracellular exosome,"
PCARE,photoreceptor cilium actin regulator(PCARE),"GO:0001750~photoreceptor outer segment,GO:0001917~photoreceptor inner segment,GO:0005929~cilium,GO:0120199~cone photoreceptor outer segment,"
PCLO,piccolo presynaptic cytomatrix protein(PCLO),"GO:0005856~cytoskeleton,GO:0014069~postsynaptic density,GO:0016020~membrane,GO:0030424~axon,GO:0045202~synapse,GO:0048788~cytoskeleton of presynaptic active zone,GO:0070062~extracellular exosome,GO:0098978~glutamatergic synapse,GO:0098982~GABA-ergic synapse,"
PLAC4,placenta enriched 4(PLAC4),"GO:0005886~plasma membrane,"
PIGR,polymeric immunoglobulin receptor(PIGR),"GO:0005615~extracellular space,GO:0005886~plasma membrane,GO:0035577~azurophil granule membrane,GO:0043235~receptor complex,GO:0070062~extracellular exosome,GO:0071751~secretory IgA immunoglobulin complex,"
KCNJ6,potassium inwardly rectifying channel subfamily J member 6(KCNJ6),"GO:0005794~Golgi apparatus,GO:0005886~plasma membrane,GO:0008076~voltage-gated potassium channel complex,"
PPP4R1L,protein phosphatase 4 regulatory subunit 1 like (pseudogene)(PPP4R1L),"GO:0005575~cellular_component,"
PCDH11Y,protocadherin 11 Y-linked(PCDH11Y),"GO:0005886~plasma membrane,GO:0016020~membrane,GO:0061827~sperm head,GO:0097225~sperm midpiece,"
PCDHA6,protocadherin alpha 6(PCDHA6),"GO:0005576~extracellular region,GO:0005886~plasma membrane,"
RSPH10B,radial spoke head 10 homolog B(RSPH10B),"GO:0005737~cytoplasm,GO:0005856~cytoskeleton,GO:0042995~cell projection,GO:0097729~9+2 motile cilium,"
RSPH10B2,radial spoke head 10 homolog B2(RSPH10B2),"GO:0005737~cytoplasm,GO:0005856~cytoskeleton,GO:0042995~cell projection,GO:0097729~9+2 motile cilium,"
RGSL1,regulator of G protein signaling like 1(RGSL1),"GO:0016020~membrane,"
RLN3,relaxin 3(RLN3),"GO:0005576~extracellular region,"
RBP1,retinol binding protein 1(RBP1),"GO:0005634~nucleus,GO:0005654~nucleoplasm,GO:0005811~lipid droplet,GO:0005829~cytosol,GO:0044297~cell body,"
RPEL1,ribulose-5-phosphate-3-epimerase like 1(RPEL1),"GO:0005829~cytosol,"
SEZ6L2,seizure related 6 homolog like 2(SEZ6L2),"GO:0005783~endoplasmic reticulum,GO:0005789~endoplasmic reticulum membrane,GO:0005886~plasma membrane,GO:0016020~membrane,GO:0043025~neuronal cell body,"
SPINK1,serine peptidase inhibitor Kazal type 1(SPINK1),"GO:0070062~extracellular exosome,"
SERPINB3,serpin family B member 3(SERPINB3),"GO:0005576~extracellular region,GO:0005615~extracellular space,GO:0005634~nucleus,GO:0005737~cytoplasm,GO:0005829~cytosol,GO:0005886~plasma membrane,GO:0031410~cytoplasmic vesicle,GO:0031982~vesicle,GO:0035578~azurophil granule lumen,GO:0070062~extracellular exosome,"
SNORD17,"small nucleolar RNA, C/D box 17(SNORD17)","GO:0005730~nucleolus,"
SNORD3A,"small nucleolar RNA, C/D box 3A(SNORD3A)","GO:0005730~nucleolus,"
SNORD3B-1,"small nucleolar RNA, C/D box 3B-1(SNORD3B-1)","GO:0005730~nucleolus,"
SNORD3C,"small nucleolar RNA, C/D box 3C(SNORD3C)","GO:0005730~nucleolus,"
SNORD70B,"small nucleolar RNA, C/D box 70B(SNORD70B)","GO:0005730~nucleolus,"
SNORD82,"small nucleolar RNA, C/D box 82(SNORD82)","GO:0005730~nucleolus,"
SNORA50A,"small nucleolar RNA, H/ACA box 50A(SNORA50A)","GO:0005730~nucleolus,"
SNORA70,"small nucleolar RNA, H/ACA box 70(SNORA70)","GO:0005730~nucleolus,"
SNORA73A,"small nucleolar RNA, H/ACA box 73A(SNORA73A)","GO:0005634~nucleus,GO:0005730~nucleolus,GO:0072588~box H/ACA RNP complex,"
SNORA73B,"small nucleolar RNA, H/ACA box 73B(SNORA73B)","GO:0005730~nucleolus,"
SLC28A3,solute carrier family 28 member 3(SLC28A3),"GO:0005789~endoplasmic reticulum membrane,GO:0005886~plasma membrane,GO:0031526~brush border membrane,"
SLC30A2,solute carrier family 30 member 2(SLC30A2),"GO:0005737~cytoplasm,GO:0005743~mitochondrial inner membrane,GO:0005765~lysosomal membrane,GO:0005770~late endosome,GO:0005886~plasma membrane,GO:0010008~endosome membrane,GO:0030658~transport vesicle membrane,GO:0042589~zymogen granule membrane,GO:0043231~intracellular membrane-bounded organelle,GO:0099503~secretory vesicle,"
SLC30A3,solute carrier family 30 member 3(SLC30A3),"GO:0005737~cytoplasm,GO:0005765~lysosomal membrane,GO:0005770~late endosome,GO:0005886~plasma membrane,GO:0008021~synaptic vesicle,GO:0030672~synaptic vesicle membrane,GO:0031902~late endosome membrane,GO:0043005~neuron projection,GO:0045202~synapse,GO:0097457~hippocampal mossy fiber,GO:0098686~hippocampal mossy fiber to CA3 synapse,GO:0098978~glutamatergic synapse,GO:1990742~microvesicle,"
SLC5A9,solute carrier family 5 member 9(SLC5A9),"GO:0005886~plasma membrane,GO:0070062~extracellular exosome,"
SORCS1,sortilin related VPS10 domain containing receptor 1(SORCS1),"GO:0005794~Golgi apparatus,GO:0016020~membrane,"
SALL1,spalt like transcription factor 1(SALL1),"GO:0000792~heterochromatin,GO:0005634~nucleus,GO:0005654~nucleoplasm,GO:0005737~cytoplasm,GO:0010369~chromocenter,"
TAC1,tachykinin precursor 1(TAC1),"GO:0005576~extracellular region,GO:0005615~extracellular space,GO:0030424~axon,GO:0043025~neuronal cell body,GO:0045202~synapse,"
TCF21,transcription factor 21(TCF21),"GO:0000785~chromatin,GO:0005634~nucleus,GO:0005654~nucleoplasm,GO:0005667~transcription regulator complex,"
TGFBR3L,transforming growth factor beta receptor 3 like(TGFBR3L),"GO:0005615~extracellular space,GO:0005886~plasma membrane,GO:0009986~cell surface,"
TRPA1,transient receptor potential cation channel subfamily A member 1(TRPA1),"GO:0005886~plasma membrane,GO:0016020~membrane,GO:0032421~stereocilium bundle,"
TMEM221,transmembrane protein 221(TMEM221),"GO:0016020~membrane,"
TMEM262,transmembrane protein 262(TMEM262),"GO:0016020~membrane,GO:0031514~motile cilium,GO:0036128~CatSper complex,"
TMPRSS4,transmembrane serine protease 4(TMPRSS4),"GO:0005615~extracellular space,GO:0005886~plasma membrane,GO:0016020~membrane,GO:0030141~secretory granule,"
UBD,ubiquitin D(UBD),"GO:0001650~fibrillar center,GO:0005634~nucleus,GO:0005654~nucleoplasm,GO:0005737~cytoplasm,GO:0005829~cytosol,GO:0016235~aggresome,"
UPK1A,uroplakin 1A(UPK1A),"GO:0005783~endoplasmic reticulum,GO:0005886~plasma membrane,GO:0009986~cell surface,GO:0016020~membrane,GO:0032991~protein-containing complex,GO:0070062~extracellular exosome,GO:0120001~apical plasma membrane urothelial plaque,"
USH2A,usherin(USH2A),"GO:0001917~photoreceptor inner segment,GO:0002141~stereocilia ankle link,GO:0002142~stereocilia ankle link complex,GO:0005576~extracellular region,GO:0005604~basement membrane,GO:0005737~cytoplasm,GO:0016020~membrane,GO:0016324~apical plasma membrane,GO:0032391~photoreceptor connecting cilium,GO:0032421~stereocilium bundle,GO:0036064~ciliary basal body,GO:0042995~cell projection,GO:0043025~neuronal cell body,GO:0043195~terminal bouton,GO:0043235~receptor complex,GO:0060171~stereocilium membrane,GO:1990075~periciliary membrane compartment,GO:1990696~USH2 complex,"
XDH,xanthine dehydrogenase(XDH),"GO:0005615~extracellular space,GO:0005777~peroxisome,GO:0005829~cytosol,GO:0016529~sarcoplasmic reticulum,"
ZNF536,zinc finger protein 536(ZNF536),"GO:0005634~nucleus,"
